,stock,atr,atr_week,one_week_high,one_week_low,st_dev_of_atr_14_one_week,one_week_range
0,TSLA,9.374091012137276,46.87045506068638,155.25,121.0199966430664,31.87190944126674,34.230003356933594
1,LRCX,14.953438478655086,74.76719239327542,450.80999755859375,397.05999755859375,50.84169082742729,53.75
2,NKE,2.8350001743861606,14.175000871930802,119.18000030517578,101.68000030517578,9.639000592912947,17.5
